title,year,rating
Bade Miyan Chote Miyan,2024,3.8
Singham Again,2024,4.8
Yodha,2024,5.7
Fighter,2024,6.2
Merry Christmas,2024,6.9
Kya Masti Kya Dhoom,2023,3.3
Majbooriyan,2023,5.3
Fire of Love: RED,2023,3.8
Kaisi Ye Dor,2023,5.6
Bad Boy,2023,5
Mrs.,2023,6.8
Khichdi 2: Mission Paanthukistan,2023,1
Ganapath,2023,2
Sajini Shinde Ka Viral Video,2023,2
Farrey,2023,2
Tejas,2023,2.7
Almost Pyaar with DJ Mohabbat,2023,3.3
Sukhee,2023,3.7
Mumbaikar,2023,4
Operation Mayfair,2023,4
Neeyat,2023,4.3
Pippa,2023,4.5
Yaariyan 2,2023,5
U-Turn,2023,5.1
Adipurush,2023,5.3
Mrs. Chatterjee Vs Norway,2023,5.3
Thank You For Coming,2023,5.3
Lust Stories 2,2023,5.4
Shehzada,2023,5.4
Chhatriwali,2023,5.4
Apurva,2023,5.5
Trial Period,2023,5.5
Kisi Ka Bhai... Kisi Ki Jaan,2023,5.7
Selfiee,2023,5.7
Kuttey,2023,5.8
Tarla,2023,5.8
Tiger 3,2023,5.9
Mission Raniganj,2023,5.9
Aankh Micholi,2023,5.9
Khufiya,2023,6
Friday Night Plan,2023,6
Bawaal,2023,6
Dhak Dhak,2023,6
Gulmohar,2023,6
Fukrey 3,2023,6.1
Gumraah,2023,6.1
Kathal,2023,6.1
Rocky Aur Rani Kii Prem Kahaani,2023,6.2
Kadak Singh,2023,6.3
Haddi,2023,6.3
Tu Jhoothi Main Makkaar,2023,6.4
Bholaa,2023,6.4
Dream Girl 2,2023,6.4
Zara Hatke Zara Bachke,2023,6.5
Pathaan,2023,6.6
Gadar 2,2023,6.6
Joram,2023,6.6
Bloody Daddy,2023,6.7
12th Fail,2023,6.7
Mission Majnu,2023,6.8
Tiku Weds Sheru,2023,6.8
IB 71,2023,6.9
Jaane Jaan,2023,7
Mast Mein Rehne Ka,2023,7
Satyaprem Ki Katha,2023,7
Sirf Ek Bandaa Kaafi Hai,2023,7
The Archies,2023,7.1
Chor Nikal Ke Bhaga,2023,7.2
Jawan,2023,7.3
Kho Gaye Hum Kahan,2023,7.3
Animal,2023,7.4
OMG 2,2023,7.4
The Vaccine War,2023,7.5
Kennedy,2023,7.5
Tumse Na Ho Payega,2023,7.7
Sam Bahadur,2023,8.5
Ghoomer,2023,8.5
Zakir Khan: Mann Pasand,2023,8.5
Mankhurd,2023,8.9
Dunki,2023,10
Dangerous,2022,1
Cirkus,2022,4.2
Dhaakad,2022,4.6
Love Hostel,2022,4.9
Ram Setu,2022,5
Govinda Naam Mera,2022,5.2
Dhokha: Round D Corner,2022,5.2
Double XL,2022,5.2
Bachchhan Paandey,2022,5.3
Phone Bhoot,2022,5.3
Dasvi,2022,5.5
Dobaaraa,2022,5.5
Cuttputlli,2022,5.7
Rashtra Kavach Om,2022,5.7
JugJugg Jeeyo,2022,5.7
Raksha Bandhan,2022,6
Jayeshbhai Jordaar,2022,6
Gehraiyaan,2022,6
Uunchai,2022,6
Maja Ma,2022,6
Babli Bouncer,2022,6
Looop Lapeta,2022,6.1
Bhool Bhulaiyaa 2,2022,6.2
A Thursday,2022,6.2
Anek,2022,6.2
Operation Romeo,2022,6.2
Plan A Plan B,2022,6.2
Thar,2022,6.2
Ek Villain Returns,2022,6.3
Doctor G,2022,6.3
An Action Hero,2022,6.3
Mili,2022,6.3
Runway 34,2022,6.4
Cobalt Blue,2022,6.4
Jalsa,2022,6.4
Laal Singh Chaddha,2022,6.5
Qala,2022,6.5
Bhediya,2022,6.5
Chup,2022,6.5
Brahmāstra Part One: Shiva,2022,6.6
Jaadugar,2022,6.6
All That Breathes,2022,6.8
Badhaai Do,2022,6.8
Thank God,2022,6.8
Jogi,2022,6.8
Sharmaji Namkeen,2022,6.8
Janhit Mein Jaari,2022,6.8
Darlings,2022,6.9
Vikram Vedha,2022,6.9
Freddy,2022,7
Jersey,2022,7
36 Farmhouse,2022,7
The Kashmir Files,2022,7.1
"Monica, O My Darling",2022,7.1
Samrat Prithviraj,2022,7.2
Attack,2022,7.3
Gangubai Kathiawadi,2022,7.4
Kaun Pravin Tambe?,2022,7.4
Toolsidas Junior,2022,7.5
Drishyam 2,2022,8
Goodbye,2022,8
Jungle Cry,2022,8.3
Roohi,2021,4.3
Radhe,2021,4.5
Toofaan,2021,4.9
99 Songs,2021,5
Meenakshi Sundareshwar,2021,5.3
The Big Bull,2021,5.3
State of Siege: Temple Attack,2021,5.3
Bhoot Police,2021,5.4
Hungama 2,2021,5.4
Satyameva Jayate 2,2021,5.4
Mumbai Saga,2021,5.6
Dybbuk,2021,5.6
Hum Do Hamare Do,2021,5.7
Sooryavanshi,2021,5.8
Madam Chief Minister,2021,5.8
The Girl on the Train,2021,5.9
Chandigarh Kare Aashiqui,2021,6.1
Bhuj: The Pride of India,2021,6.2
Silence... Can You Hear It?,2021,6.2
Chhorii,2021,6.3
Bell Bottom,2021,6.4
Sherni,2021,6.4
Ajeeb Daastaans,2021,6.5
Haseen Dillruba,2021,6.5
Sandeep Aur Pinky Faraar,2021,6.5
Nail Polish,2021,6.5
Ankahi Kahaniya,2021,6.5
Chehre,2021,6.6
Hello Charlie,2021,6.6
Pagglait,2021,6.7
14 Phere,2021,6.7
Koi Jaane Na,2021,6.7
Kaagaz,2021,6.7
Mimi,2021,6.8
Bunty Aur Babli 2,2021,6.8
Bob Biswas,2021,6.8
Dhamaka,2021,6.9
Atrangi Re,2021,6.9
Tadap,2021,7
83,2021,7.1
Tribhanga,2021,7.1
Sardar Udham,2021,7.2
Shershaah,2021,7.4
Writing with Fire,2021,7.4
Sardar Ka Grandson,2021,7.6
Shiddat,2021,7.8
200: Halla Ho,2021,8.5
Shimla Mirchi,2020,3.7
Climax,2020,2.9
Indoo Ki Jawani,2020,3.5
Kaali Khuhi,2020,4.5
London Confidential,2020,4.5
Laxmii,2020,4.9
Ghost Stories,2020,5
Sadak 2,2020,5.3
Bhangra Paa Le,2020,5.3
Coolie No. 1,2020,5.5
Amit Tandon: Family Tandoncies,2020,5.5
Maska,2020,5.6
Gulabo Sitabo,2020,5.7
Durgamati: The Myth,2020,5.8
All Ladies Do It,2020,5.9
Bhoot: Part One - The Haunted Ship,2020,5.9
Shubh Mangal Zyada Saavdhan,2020,6
Class of '83,2020,6
Jawaani Jaaneman,2020,6.1
Motichoor Chaknachoor,2020,6.1
Jai Mummy Di,2020,6.1
Mrs. Serial Killer,2020,6.3
Unpaused,2020,6.3
Chhalaang,2020,6.3
Kaamyaab,2020,6.3
Ginny Weds Sunny,2020,6.4
Choked: Paisa Bolta Hai,2020,6.4
Lootcase,2020,6.4
Did It Happen?,2020,6.5
Bahut Hua Sammaan,2020,6.6
Taish,2020,6.6
Bulbbul,2020,6.7
Guilty,2020,6.7
Tanhaji: The Unsung Warrior,2020,6.7
Shakuntala Devi,2020,6.7
Serious Men,2020,6.7
Dil Bechara,2020,6.8
Raat Akeli Hai,2020,6.8
Baaghi 3,2020,6.8
Khuda Haafiz,2020,6.8
AK vs AK,2020,6.9
Hacked,2020,7
Malang,2020,7.1
Angrezi Medium,2020,7.1
Thappad,2020,7.1
Street Dancer 3D,2020,7.1
Ludo,2020,7.4
Gunjan Saxena: The Kargil Girl,2020,7.4
Yeh Ballet,2020,7.5
Unlock,2020,7.5
Chhapaak,2020,7.6
Chintu Ka Birthday,2020,7.6
The Relationship Manager,2020,8
Bye 2,2020,8.1
Torbaaz,2020,8.4
O Pushpa I Hate Tears,2020,10
Kissebaaz,2019,3.5
Arjun Patiala,2019,4.1
Fraud Saiyyan,2019,4.2
Student of the Year 2,2019,4.7
PM Narendra Modi,2019,4.7
Cargo,2019,5
India's Most Wanted,2019,5
Drive,2019,5.1
Pagalpanti,2019,5.1
Thackeray,2019,5.1
The Accidental Prime Minister,2019,5.2
Total Dhamaal,2019,5.4
The Body,2019,5.4
Line of Descent,2019,5.4
Why Cheat India,2019,5.5
Dabangg 3,2019,5.5
Dolly Kitty and Those Twinkling Stars,2019,5.5
Kalank,2019,5.6
The Zoya Factor,2019,5.6
Made In China,2019,5.6
Ek Ladki Ko Dekha Toh Aisa Laga,2019,5.7
Notebook,2019,5.8
Posham Pa,2019,5.8
Housefull 4,2019,5.9
Chopsticks,2019,5.9
Khandaani Shafakhana,2019,5.9
Ramprasad Ki Tehrvi,2019,6
Luka Chuppi,2019,6.1
Ujda Chaman,2019,6.2
De De Pyaar De,2019,6.2
Panipat,2019,6.3
Badnaam Gali,2019,6.3
Bharat,2019,6.4
Romeo Akbar Walter,2019,6.4
War,2019,6.5
Kabir Singh,2019,6.5
The Man Who Feels No Pain,2019,6.6
Bala,2019,6.6
Photograph,2019,6.6
House Arrest,2019,6.6
Junglee,2019,6.7
Bombay Rose,2019,6.7
Dream Girl,2019,6.7
Good Newwz,2019,6.8
Batla House,2019,6.9
Mission Mangal,2019,6.9
The Booth,2019,6.9
Kesari,2019,7
Commando 3,2019,7
Paharganj,2019,7
Manikarnika: The Queen of Jhansi,2019,7.1
Mardaani 2,2019,7.1
Upstarts,2019,7.1
Prassthanam,2019,7.1
Laal Kaptaan,2019,7.1
Saand Ki Aankh,2019,7.1
Uri: The Surgical Strike,2019,7.2
Gone Kesh,2019,7.3
Gully Boy,2019,7.4
Badla,2019,7.4
Super 30,2019,7.4
Marjaavaan,2019,7.4
Article 15,2019,7.5
Section 375,2019,7.5
Chhichhore,2019,7.7
The Tashkent Files,2019,7.7
The Sky Is Pink,2019,7.9
The Song of Scorpions,2019,8.2
Chhota Bheem Kung Fu Dhamaka,2019,8.3
Sonchiriya,2019,8.3
Yeh Saali Aashiqui,2019,8.8
Shameless,2019,10
The Journey of Karma,2018,2
Race 3,2018,4.2
Veerey Ki Wedding,2018,4.4
Welcome to New York,2018,4.5
Yamla Pagla Deewana: Phir Se,2018,4.6
Namaste England,2018,4.7
Brij Mohan Amar Rahe!,2018,5
Loveyatri,2018,5
Veere Di Wedding,2018,5.1
Zero,2018,5.2
Ascharya Fuck It,2018,5.3
Fanney Khan,2018,5.4
Nawabzaade,2018,5.5
Thugs of Hindostan,2018,5.6
Aiyaary,2018,5.7
1921,2018,5.7
Batti Gul Meter Chalu,2018,5.8
Baaghi 2,2018,5.9
Genius,2018,5.9
Missing,2018,6
Baazaar,2018,6
Simmba,2018,6.2
Mitron,2018,6.2
Paltan,2018,6.2
Lust Stories,2018,6.3
Helicopter Eela,2018,6.3
Beyond the Clouds,2018,6.4
Sonu Ke Titu Ki Sweety,2018,6.5
Satyameva Jayate,2018,6.5
Jalebi,2018,6.5
Pari,2018,6.5
Kedarnath,2018,6.6
Love per Square Foot,2018,6.7
October,2018,6.8
Laila Majnu,2018,6.8
Padmaavat,2018,6.9
Blackmail,2018,6.9
Mulk,2018,6.9
Pataakha,2018,6.9
Stree,2018,7
Parmanu: The Story of Pokhran,2018,7
Manmarziyaan,2018,7
Sui Dhaaga - Made in India,2018,7
Gold,2018,7.1
Sanju,2018,7.2
Raazi,2018,7.2
Raid,2018,7.2
Sir,2018,7.2
Karwaan,2018,7.2
Badhaai Ho,2018,7.3
Dhadak,2018,7.3
Bhavesh Joshi Superhero,2018,7.3
Manto,2018,7.4
Pad Man,2018,7.5
102 Not Out,2018,7.5
Love Sonia,2018,7.5
Andhadhun,2018,7.6
Tumbbad,2018,7.6
Hichki,2018,7.6
Pihu,2018,7.6
Mukkabaaz,2018,7.6
Omertà,2018,7.7
Period. End of Sentence.,2018,7.9
Mogul: The Gulshan Kumar Story,2018,10
Sweetiee Weds NRI,2017,3.5
Machine,2017,3.9
Bank Chor,2017,5
Poster Boys,2017,5.1
Chef,2017,5.3
Haseena Parkar,2017,5.3
Mirror Game,2017,5.3
Tubelight,2017,5.4
Golmaal Again,2017,5.4
Judwaa 2,2017,5.5
Sarkar 3,2017,5.5
The Hungry,2017,5.7
Naam Shabana,2017,5.8
Baadshaho,2017,5.8
Ok Jaanu,2017,5.9
Daddy,2017,5.9
Raabta,2017,6
Bhoomi,2017,6
A Gentleman,2017,6
Begum Jaan,2017,6
Commando 2 -  The Black Money Trail,2017,6.1
Tiger Zinda Hai,2017,6.1
Jagga Jasoos,2017,6.1
Meri Pyaari Bindu,2017,6.1
Rangoon,2017,6.1
Munna Michael,2017,6.1
Behen Hogi Teri,2017,6.1
Phillauri,2017,6.2
Babumoshai Bandookbaaz,2017,6.3
Mubarakan,2017,6.3
Badrinath Ki Dulhania,2017,6.4
Lucknow Central,2017,6.4
Jab Harry Met Sejal,2017,6.5
Half Girlfriend,2017,6.5
Fukrey Returns,2017,6.5
Tumhari Sulu,2017,6.5
Shubh Mangal Saavdhan,2017,6.5
Raees,2017,6.7
Bareilly Ki Barfi,2017,6.7
Toilet: A Love Story,2017,6.8
Lipstick Under My Burkha,2017,6.8
Kaabil,2017,6.8
Jolly LLB 2,2017,6.9
Ittefaq,2017,6.9
Trapped,2017,6.9
Qarib Qarib Singlle,2017,7
Shaadi Mein Zaroor Aana,2017,7
Irada,2017,7
B. A. Pass 2,2017,7
Newton,2017,7.1
Hindi Medium,2017,7.3
Secret Superstar,2017,7.3
Sachin: A Billion Dreams,2017,7.4
Mom,2017,7.6
Zakir Khan: Haq Se Single,2017,8.1
Beiimaan Love,2016,2.7
Kyaa Kool Hain Hum 3,2016,2.9
A Flying Jatt,2016,3.1
Mastizaade,2016,3.2
Santa Banta Pvt Ltd,2016,3.8
1920 London,2016,4.2
Great Grand Masti,2016,4.3
Junooniyat,2016,4.4
Banjo,2016,4.6
Wajah Tum Ho,2016,5
Housefull 3,2016,5.2
Befikre,2016,5.2
Loev,2016,5.3
Dishoom,2016,5.4
Ki & Ka,2016,5.5
Fitoor,2016,5.7
Baar Baar Dekho,2016,5.7
Akira,2016,5.7
Shivaay,2016,5.8
Azhar,2016,5.9
Budhia Singh: Born to Run,2016,6
Ghayal Once Again,2016,6
Mohenjo Daro,2016,6.2
Happy Bhag Jayegi,2016,6.2
Fan,2016,6.3
Sanam Re,2016,6.3
Ae Dil Hai Mushkil,2016,6.4
Baaghi,2016,6.4
Rocky Handsome,2016,6.4
Wazir,2016,6.6
Force 2,2016,6.6
Traffic,2016,6.6
Kahaani 2,2016,6.7
Hotel Salvation(Mukti Bhawan),2016,6.8
Te3n,2016,6.9
Sultan,2016,6.9
Rustom,2016,6.9
Aligarh,2016,6.9
Kapoor & Sons,2016,7
Phobia,2016,7
Dear Zindagi,2016,7.1
M.S. Dhoni: The Untold Story,2016,7.1
Airlift,2016,7.1
Raman Raghav 2.0,2016,7.1
Udta Punjab,2016,7.2
Dear Dad,2016,7.2
Do Lafzon Ki Kahani,2016,7.2
Neerja,2016,7.3
Madaari,2016,7.3
Buddha in a Traffic Jam,2016,7.3
Pink,2016,7.4
Bhouri,2016,7.4
Sarbjit,2016,7.6
Dangal,2016,7.9
Sanam Teri Kasam,2016,7.9
Sharafat Gayi Tel Lene,2015,2.7
Shaandaar,2015,4.5
Hate Story 3,2015,5
Welcome Back,2015,5.2
Mr. X,2015,5.2
Tevar,2015,5.3
Prem Ratan Dhan Payo,2015,5.4
Ab Tak Chhappan 2,2015,5.4
Phantom,2015,5.5
ABCD 2,2015,5.6
Singh Is Bliing,2015,5.6
Bombay Velvet,2015,5.6
All Is Well,2015,5.6
Calendar Girls,2015,5.7
Umrika,2015,5.9
Kis Kisko Pyaar Karoon,2015,5.9
Haraamkhor,2015,5.9
Shamitabh,2015,6.2
Hero,2015,6.2
Hunterrr,2015,6.3
Hamari Adhuri Kahani,2015,6.3
Brothers,2015,6.4
Dharam Sankat Mein,2015,6.5
Dilwale,2015,6.6
Tamasha,2015,6.6
Baby,2015,6.7
Dil Dhadakne Do,2015,6.8
Detective Byomkesh Bakshy!,2015,6.8
Tanu Weds Manu: Returns,2015,6.8
Pyaar Ka Punchnama 2,2015,6.8
NH10,2015,6.8
Margarita with a Straw,2015,6.9
Angry Indian Goddesses,2015,6.9
Jazbaa,2015,6.9
Titli,2015,6.9
Masaan,2015,7
Piku,2015,7
Badlapur,2015,7
Gabbar Is Back,2015,7
Dum Laga Ke Haisha,2015,7.2
Rahasya,2015,7.2
Bajirao Mastani,2015,7.3
Manjhi: The Mountain Man,2015,7.3
Dhanak,2015,7.3
Parched,2015,7.4
Talvar,2015,7.4
Nil Battey Sannata,2015,7.4
Drishyam,2015,7.7
Bajrangi Bhaijaan,2015,7.8
Yaariyan,2014,3.3
Humshakals,2014,3.4
Creature 3D,2014,3.5
Mastram,2014,3.7
Ragini MMS 2,2014,3.9
Action Jackson,2014,4.4
Total Siyapaa,2014,4.4
One by Two,2014,4.5
Zid,2014,4.5
Hate Story 2,2014,4.6
The Shaukeens,2014,4.6
Entertainment,2014,4.9
Jai Ho,2014,4.9
Gunday,2014,5
Kill Dil,2014,5.3
Main Tera Hero,2014,5.5
Happy Ending,2014,5.5
Shaadi Ke Side Effects,2014,5.5
Ungli,2014,5.6
Bobby Jasoos,2014,5.6
Kick,2014,5.7
Bewakoofiyaan,2014,5.8
Heropanti,2014,5.9
Singham Returns,2014,6
Happy New Year,2014,6.1
Bang Bang!,2014,6.2
Holiday,2014,6.2
Rang Rasiya,2014,6.2
Miss Lovely,2014,6.2
Humpty Sharma Ki Dulhania,2014,6.3
Bhoothnath Returns,2014,6.3
Raja Natwarlal,2014,6.3
Hasee Toh Phasee,2014,6.5
Ek Villain,2014,6.5
Dedh Ishqiya,2014,6.5
2 States,2014,6.6
Khoobsurat,2014,6.6
Mardaani,2014,6.6
Daawat-e-Ishq,2014,6.8
Ankhon Dekhi,2014,6.9
Mary Kom,2014,7
Haider,2014,7.2
Tigers,2014,7.2
Highway,2014,7.3
Super Nani,2014,7.3
Queen,2014,7.4
Motu Patlu: Kung Fu Kings,2014,7.5
PK,2014,7.7
Jackpot,2013,3.5
Murder 3,2013,3.6
Zila Ghaziabad,2013,4.2
Chashme Baddoor,2013,4.3
Jayantabhai Ki Luv Story,2013,4.4
Horror Story,2013,4.5
Zanjeer,2013,4.6
Besharam,2013,4.6
Grand Masti,2013,4.7
Main Krishna Hoon,2013,4.7
Deewana Main Deewana,2013,4.9
Ek Thi Daayan,2013,5
Phata Poster Nikhla Hero,2013,5.1
Nautanki Saala!,2013,5.2
Policegiri,2013,5.2
Race 2,2013,5.5
Boss,2013,5.5
Matru Ki Bijlee Ka Mandola,2013,5.5
Akaash Vani,2013,5.6
Krrish 3,2013,5.7
Go Goa Gone,2013,5.7
Shuddh Desi Romance,2013,5.7
Bullett Raja,2013,5.7
Gori Tere Pyaar Mein,2013,5.9
ABCD,2013,5.9
Dhoom 3,2013,6
Satyagraha,2013,6.1
Ramaiya Vastavaiya,2013,6.2
Table No. 21,2013,6.3
R... Rajkumar,2013,6.3
Mere Dad Ki Maruti,2013,6.3
Bombay Talkies,2013,6.4
Commando - A One Man Army,2013,6.4
Chennai Express,2013,6.5
Madras Cafe,2013,6.5
Raanjhanaa,2013,6.5
Fukrey,2013,6.6
Mahabharat,2013,6.7
Aashiqui 2,2013,6.9
Kai Po Che!,2013,6.9
Ugly,2013,6.9
Lootera,2013,6.9
D-Day,2013,6.9
Goliyon Ki Raasleela Ram-Leela,2013,7
Jolly LLB,2013,7.1
Siddharth,2013,7.1
Yeh Jawaani Hai Deewani,2013,7.3
The Lunchbox,2013,7.3
Special 26,2013,7.3
Shahid,2013,7.3
Bhaag Milkha Bhaag,2013,7.4
Rajdhani Express,2013,9
Tezz,2012,4.1
Joker,2012,4.3
Jism 2,2012,4.4
Aiyyaa,2012,4.5
Khiladi 786,2012,4.6
Son of Sardaar,2012,4.6
Rush,2012,4.8
Ekk Deewana Tha,2012,5
Dabangg 2,2012,5.1
Heroine,2012,5.1
Players,2012,5.1
Raaz 3,2012,5.3
Hate Story,2012,5.3
Housefull 2,2012,5.4
Ek Main Aur Ekk Tu,2012,5.5
Agent Vinod,2012,5.5
Jodi Breakers,2012,5.5
1920: Evil Returns,2012,5.6
Student of the Year,2012,5.7
B.A. Pass,2012,5.7
Bol Bachchan,2012,5.7
Chaar Din Ki Chandni,2012,5.7
Rowdy Rathore,2012,5.9
Teri Meri Kahaani,2012,5.9
Ferrari Ki Sawaari,2012,6
Ek Tha Tiger,2012,6.1
Blood Money,2012,6.1
Cocktail,2012,6.2
Tere Naal Love Ho Gaya,2012,6.2
Ishaqzaade,2012,6.3
Department,2012,6.3
Arjun: The Warrior Prince,2012,6.3
Jannat 2,2012,6.3
Luv Shuv Tey Chicken Khurana,2012,6.3
Agneepath,2012,6.4
Talaash,2012,6.7
Shanghai,2012,6.7
Vicky Donor,2012,6.8
Ship of Theseus,2012,7
Jab Tak Hai Jaan,2012,7.1
Kahaani,2012,7.1
OMG: Oh My God!,2012,7.2
Gangs of Wasseypur - Part 1,2012,7.2
English Vinglish,2012,7.2
Paan Singh Tomar,2012,7.3
Barfi!,2012,7.5
Gangs of Wasseypur - Part 2,2012,7.9
Ragini MMS,2011,3.8
Always Kabhi Kabhi,2011,3.8
Hum Tum Shabana,2011,4
Double Dhamaal,2011,4.4
Bbuddah Hoga Terra Baap,2011,4.9
Luv Ka The End,2011,4.9
Ready,2011,5
Zokkomon,2011,5
Bodyguard,2011,5.2
Thank You,2011,5.3
Game,2011,5.5
Hostel,2011,5.5
Yamla Pagla Deewana,2011,5.5
Ra.One,2011,5.7
Mausam,2011,5.7
Dum Maaro Dum,2011,5.8
Patiala House,2011,5.9
Ladies vs Ricky Bahl,2011,6
Aarakshan,2011,6
Dil Toh Baccha Hai Ji,2011,6
Mummy Punjabi,2011,6
Desi Boyz,2011,6.1
Mere Brother Ki Dulhan,2011,6.1
Haunted-3D,2011,6.1
Shaitan,2011,6.1
The Dirty Picture,2011,6.2
7 Khoon Maaf,2011,6.2
Shor in the City,2011,6.2
Chalo Dilli,2011,6.2
Force,2011,6.4
Love Breakups Zindagi,2011,6.4
Singham,2011,6.5
I Am,2011,6.5
Tanu Weds Manu,2011,6.8
No One Killed Jessica,2011,6.8
Pyaar Ka Punchnama,2011,6.8
Stanley Ka Dabba,2011,6.8
Mujhse Fraaandship Karoge,2011,6.8
Chillar Party,2011,6.9
Don 2,2011,7
Delhi Belly,2011,7
Rockstar,2011,7.2
Zindagi Na Milegi Dobara,2011,7.5
Mirch,2010,3.1
Kushti,2010,3.5
Hisss,2010,3.6
Tees Maar Khan,2010,3.8
Bhavnao Ko Samjho,2010,4
Teen Patti,2010,4.1
No Problem,2010,4.4
Raavan,2010,4.6
Pyaar Impossible!,2010,4.7
Jaane Kahan Se Aayi Hai,2010,4.7
Prince,2010,4.9
Paathshaala,2010,4.9
Veer,2010,5.2
Action Replayy,2010,5.2
Dulha Mil Gaya,2010,5.2
Chance Pe Dance,2010,5.2
Aisha,2010,5.2
Golmaal 3,2010,5.4
Housefull,2010,5.6
Khatta Meetha,2010,5.6
That Girl in Yellow Boots,2010,5.7
Break Ke Baad,2010,5.7
Hide & Seek,2010,5.7
Lafangey Parindey,2010,5.8
Badmaash Company,2010,5.8
Dabangg,2010,5.9
We Are Family,2010,5.9
I Hate Luv Storys,2010,5.9
Anjaana Anjaani,2010,6
Karthik Calling Karthik,2010,6.2
Atithi Tum Kab Jaoge?,2010,6.2
Rakht Charitra 2,2010,6.2
"LSD: Love, Sex aur Dhokha",2010,6.3
Raajneeti,2010,6.3
Ramayana: The Epic,2010,6.3
Ishqiya,2010,6.4
Tere Bin Laden,2010,6.4
Dhobi Ghat,2010,6.5
Band Baaja Baaraat,2010,6.6
Once Upon a Time in Mumbaai,2010,6.6
Rann,2010,6.7
Lamhaa,2010,6.7
Knock Out,2010,7
Aakrosh,2010,7.1
Kites,2010,7.2
Udaan,2010,7.2
Peepli Live,2010,7.2
Phas Gaye Re Obama,2010,7.2
I Am Kalam,2010,7.3
Guzaarish,2010,7.4
My Name Is Khan,2010,8.1
Blue,2009,4
Kambakkht Ishq,2009,4.1
Paying Guests,2009,4.2
Main Aurr Mrs Khanna,2009,4.2
Shortkut - The Con Is On,2009,4.2
Chandni Chowk to China,2009,4.6
Luck,2009,4.8
Kurbaan,2009,4.9
London Dreams,2009,5.1
8 x 10 Tasveer,2009,5.2
Dil Bole Hadippa!,2009,5.5
De Dana Dan,2009,5.6
Raaz: The Mystery Continues...,2009,5.6
Wanted,2009,5.8
Delhi-6,2009,5.8
Ajab Prem Ki Ghazab Kahani,2009,6.1
Love Aaj Kal,2009,6.1
All the Best: Fun Begins,2009,6.2
Aladin,2009,6.3
New York,2009,6.3
Firaaq,2009,6.3
Billu,2009,6.4
Paa,2009,6.4
Gulaal,2009,6.5
Luck by Chance,2009,6.6
99,2009,6.6
Rocket Singh: Salesman of the Year,2009,6.8
Kaminey,2009,6.8
Dev.D,2009,6.9
Wake Up Sid,2009,7.1
Teree Sang: A Kidult Love Story,2009,7.2
3 Idiots,2009,8
Yeh Mera India,2009,8
Vaada Raha... I Promise,2009,8.5
Mission Istaanbul,2008,3.3
God Tussi Great Ho,2008,4.1
Tashan,2008,4.6
Hijack,2008,4.8
Money Hai Toh Honey Hai,2008,4.8
Sunday,2008,4.8
Krazzy 4,2008,4.8
Mere Baap Pehle Aap,2008,4.9
Golmaal Returns,2008,5
Kismat Konnection,2008,5
Halla Bol,2008,5.1
One Two Three,2008,5.3
Thoda Pyaar Thoda Magic,2008,5.4
Singh Is Kinng,2008,5.6
1920,2008,5.6
Hello,2008,5.7
U Me Aur Hum,2008,5.9
Bachna Ae Haseeno,2008,6
Bhoothnath,2008,6.1
Race,2008,6.1
Jannat,2008,6.1
Dostana,2008,6.2
Heroes,2008,6.2
Fashion,2008,6.4
Sarkar Raj,2008,6.6
Rock On!!,2008,6.8
Jaane Tu... Ya Jaane Na,2008,6.8
Ek Vivaah Aisa Bhi,2008,6.8
A Wednesday!,2008,6.9
Ghajini,2008,7
Oye Lucky! Lucky Oye!,2008,7
EMI,2008,7
Mumbai Meri Jaan,2008,7
Rab Ne Bana Di Jodi,2008,7.1
Jodhaa Akbar,2008,7.3
Darling,2007,3.9
Jhoom Barabar Jhoom,2007,4
Shakalaka Boom Boom,2007,4.3
Dus Kahaniyaan,2007,4.5
Naqaab,2007,4.5
Salaam-e-Ishq,2007,4.9
Big Brother,2007,4.9
Dhan Dhana Dhan Goal,2007,5.1
Honeymoon Travels Pvt. Ltd.,2007,5.2
Journey Bombay to Goa,2007,5.3
Partner,2007,5.5
Saawariya,2007,5.5
Laaga Chunari Mein Daag,2007,5.5
Heyy Babyy,2007,5.9
"Gandhi, My Father",2007,5.9
Namastey London,2007,6.1
Apne,2007,6.1
Ta Ra Rum Pum,2007,6.2
Dhol,2007,6.2
Just Married,2007,6.2
Life in a Metro,2007,6.3
Aaja Nachle,2007,6.3
Ek Chalis Ki Last Local,2007,6.3
Shootout at Lokhandwala,2007,6.4
Manorama Six Feet Under,2007,6.5
Bhool Bhulaiyaa,2007,6.6
Eklavya: The Royal Guard,2007,6.6
Bheja Fry,2007,6.6
Dhamaal,2007,6.7
Guru,2007,6.8
Welcome,2007,6.8
Johnny Gaddaar,2007,6.8
No Smoking,2007,6.9
Om Shanti Om,2007,7
Awarapan,2007,7
Chak De! India,2007,7.2
Jab We Met,2007,7.3
Like Stars on Earth,2007,8
Naksha,2006,4.1
Alag,2006,4.4
Deadline: Sirf 24 Ghante,2006,4.6
Humko Deewana Kar Gaye,2006,5
Darna Zaroori Hai,2006,5.1
Apna Sapna Money Money,2006,5.4
Sandwich,2006,5.4
Jaan-E-Mann,2006,5.5
36 China Town,2006,5.7
Kabul Express,2006,5.8
Malamaal Weekly,2006,6.1
Baabul,2006,6.1
Chup Chup Ke,2006,6.2
Taxi No. 9211,2006,6.3
Kabhi Alvida Naa Kehna,2006,6.4
Krrish,2006,6.4
Vivah,2006,6.5
Bhagam Bhag,2006,6.5
Phir Hera Pheri,2006,6.5
Corporate,2006,6.5
Dhoom 2,2006,6.6
Golmaal - Fun Unlimited,2006,6.6
Fanaa,2006,6.7
Omkara,2006,6.8
Gangster,2006,6.9
Don,2006,7
Mixed Doubles,2006,7
Rang De Basanti,2006,7.1
Khosla Ka Ghosla!,2006,7.1
Lage Raho Munna Bhai,2006,7.2
Umrao Jaan,2006,8.2
Naina,2005,3.4
Neal 'n' Nikki,2005,4.1
Main Aisa Hi Hoon,2005,4.1
Kaal,2005,4.2
Maine Pyaar Kyun Kiya?,2005,4.5
Yakeen,2005,4.6
Bewafaa,2005,4.8
Lucky: No Time for Love,2005,4.9
Kyaa Kool Hai Hum,2005,4.9
Deewane Huye Paagal,2005,5
Dosti: Friends Forever,2005,5
Vaah! Life Ho Toh Aisi!,2005,5.3
Zeher,2005,5.3
Dus,2005,5.3
Insan,2005,5.3
Garam Masala,2005,5.8
Kyon Ki...,2005,5.8
Waqt,2005,5.8
No Entry,2005,5.9
Salaam Namaste,2005,6
Bluffmaster!,2005,6
Paheli,2005,6.1
Socha Na Tha,2005,6.1
Mangal Pandey - The Rising,2005,6.2
Bunty Aur Babli,2005,6.3
Page 3,2005,6.4
Tango Charlie,2005,6.4
Parineeta,2005,6.5
The Blue Umbrella,2005,6.6
Water,2005,6.9
Sarkar,2005,6.9
Iqbal,2005,6.9
Maine Gandhi Ko Nahin Mara,2005,7
Koi Aap Sa,2005,7.3
Kisna,2005,7.4
Black,2005,7.7
Rudraksh,2004,3.9
I Proud to Be an Indian,2004,4
Aetbaar,2004,4.1
Police Force: An Inside Story,2004,4.5
Kyun...! Ho Gaya Na,2004,4.6
Plan,2004,4.6
Dil Maange More!!!,2004,4.6
Ab Tumhare Hawale Watan Saathiyo,2004,4.9
Murder,2004,5
Aan: Men at Work,2004,5.2
Dil Ne Jise Apna Kahaa,2004,5.3
Fida,2004,5.3
Taarzan: The Wonder Car,2004,5.4
Run,2004,5.4
Krishna Cottage,2004,5.4
Garv: Pride and Honour,2004,5.5
Musafir,2004,5.6
Aitraaz,2004,5.7
Masti,2004,5.8
Lakeer,2004,6.2
Dhoom,2004,6.3
Khakee,2004,6.3
Mujhse Shaadi Karogi,2004,6.4
Hum Tum,2004,6.4
Ek Hasina Thi,2004,6.4
Lakshya,2004,6.6
Yuva,2004,6.6
Hulchul,2004,6.6
Dev,2004,6.7
Yeh Lamhe Judaai Ke,2004,6.8
Main Hoon Na,2004,6.9
Maqbool,2004,7.1
Swades,2004,7.2
Raincoat,2004,7.2
Black Friday,2004,7.3
Ab Tak Chhappan,2004,7.3
Veer-Zaara,2004,7.4
Fun2shh... Dudes in the 10th Century,2003,3.5
Body,2003,4.5
Main Prem Ki Diwani Hoon,2003,5
Andaaz,2003,5.3
Talaash: The Hunt Begins,2003,5.5
Jaal: The Trap,2003,5.5
Kuch Naa Kaho,2003,5.6
LOC: Kargil,2003,5.9
Ishq Vishk,2003,5.9
The Hero: Love Story of a Spy,2003,6
Bhoot,2003,6
Chalte Chalte,2003,6.2
Gangaajal,2003,6.3
Zameen,2003,6.3
Dil Ka Rishta,2003,6.4
Chameli,2003,6.5
Tere Naam,2003,6.6
Baghban,2003,6.7
Jhankaar Beats,2003,6.8
Hungama,2003,6.8
Koi... Mil Gaya,2003,6.9
Munna Bhai M.B.B.S.,2003,7.2
Matrubhoomi: A Nation Without Women,2003,7.3
3 Deewarein,2003,7.3
Kal Ho Naa Ho,2003,7.4
Na Tum Jaano Na Hum,2002,4.6
Jeena Sirf Merre Liye,2002,4.6
Chalo Ishq Ladaaye,2002,4.7
Hathyar,2002,5
Aap Mujhe Achche Lagne Lage,2002,5.2
Dil Vil Pyar Vyar,2002,5.3
Maine Dil Tujhko Diya,2002,5.3
"Wayward, Crazy, Insane",2002,5.5
Hum Tumhare Hain Sanam,2002,5.6
Kaante,2002,5.7
Hum Kisi Se Kum Nahin,2002,5.7
Mere Yaar Ki Shaadi Hai,2002,5.8
Yeh Hai Jalwa,2002,5.8
Saathiya,2002,5.9
Dil Hai Tumhaara,2002,5.9
Mujhse Dosti Karoge!,2002,6.3
Shakti: The Power,2002,6.3
Humraaz,2002,6.3
Deewangee,2002,6.4
Aankhen,2002,6.6
Company,2002,6.7
Makdee,2002,6.7
The Legend of Bhagat Singh,2002,7
Devdas,2002,7.5
Zubeidaa,2001,4.8
Jodi No. 1,2001,5.2
Indian,2001,5.2
Yaadein,2001,5.5
Ajnabee,2001,5.6
One 2 Ka 4,2001,5.7
Style,2001,6.2
Rehnaa Hai Terre Dil Mein,2001,6.3
Chori Chori Chupke Chupke,2001,6.3
Kuch Khatti Kuch Meethi,2001,6.3
Aśoka,2001,6.4
Gadar: Ek Prem Katha,2001,6.7
Chandni Bar,2001,6.7
Monsoon Wedding,2001,6.8
Dil Chahta Hai,2001,6.9
Ek Rishtaa: The Bond of Love,2001,6.9
Lajja,2001,7
Nayak: The Real Hero,2001,7.1
Lagaan: Once Upon a Time in India,2001,7.3
Kabhi Khushi Kabhie Gham,2001,7.7
Aaghaaz,2000,1.3
Mela,2000,4.5
Chal Mere Bhai,2000,5.2
Hadh Kar Di Aapne,2000,5.3
Kahin Pyaar Na Ho Jaaye,2000,5.3
Hamara Dil Aapke Paas Hai,2000,5.3
Kya Kehna,2000,5.4
Dhaai Akshar Prem Ke,2000,5.5
Har Dil Jo Pyar Karega,2000,5.6
Dulhan Hum Le Jayenge,2000,5.6
Josh,2000,5.8
Refugee,2000,5.9
Raju Chacha,2000,6
Fiza,2000,6.2
Mission Kashmir,2000,6.3
Bulandi,2000,6.3
Joru ka Ghulam,2000,6.3
Kurukshetra,2000,6.4
Phir Bhi Dil Hai Hindustani,2000,6.5
Dhadkan,2000,6.5
Pukar,2000,6.6
Kaho Naa... Pyaar Hai,2000,6.8
Mohabbatein,2000,7
Hera Pheri,2000,7
Khoobsurat,1999,4.9
Aa ab Laut Chalen,1999,5.5
Hello Brother,1999,5.5
Arjun Pandit,1999,5.6
Daag: The Fire,1999,5.6
Rajaji,1999,5.7
Sirf Tum,1999,5.8
Sooryavansham,1999,5.8
Kaun?,1999,5.8
Thakshak,1999,5.8
Hum Saath Saath Hain,1999,5.9
Haseena Maan Jaayegi,1999,5.9
Kachche Dhaage,1999,5.9
Biwi No.1,1999,6
Dil Kya Kare,1999,6
Lal Baadshah,1999,6.2
Hum Dil De Chuke Sanam,1999,6.3
Taal,1999,6.4
Baadshah,1999,6.4
Mann,1999,6.5
Jaanwar,1999,6.6
Sarfarosh,1999,6.9
Shool,1999,7
Vaastav,1999,7.3
Bandhan,1998,5.4
Bade Miyan Chote Miyan,1998,5.5
Gharwali Baharwali,1998,5.5
Hero Hindustani,1998,5.5
Soldier,1998,5.7
Jab Pyaar Kisise Hota Hai,1998,6
Qila,1998,6
Duplicate,1998,6.1
Pyaar To Hona Hi Tha,1998,6.1
Pyaar Kiya To Darna Kya,1998,6.2
Ghulam,1998,6.3
Dulhe Raja,1998,6.4
Earth,1998,6.6
China Gate,1998,6.6
Dil Se..,1998,6.9
Doli Saja Ke Rakhna,1998,7
Satya,1998,7.1
Kuch Kuch Hota Hai,1998,7.5
Sanam,1997,1
Aflatoon,1997,4.4
Mrityudand,1997,5.6
Aur Pyaar Ho Gaya,1997,6
Yes Boss,1997,6.1
Deewana Mastana,1997,6.2
Ishq,1997,6.3
Judwaa,1997,6.4
Border,1997,6.5
Hero No. 1,1997,6.5
Gupt: The Hidden Truth,1997,6.5
Auzaar,1997,6.6
Pardes,1997,6.7
Koyla,1997,6.7
Dil To Pagal Hai,1997,6.9
Chachi 420,1997,7
Virasat,1997,7.2
Mahaanta,1997,8
Krishna,1996,3
English Babu Desi Mem,1996,5.3
Tu Chor Main Sipahi,1996,6
Raja Hindustani,1996,6.4
Chaahat,1996,6.5
Rajkumar,1996,6.5
Prem Granth,1996,6.7
Khamoshi: The Musical,1996,6.7
Maachis,1996,6.8
Jeet,1996,6.9
Ghatak,1996,7
Diljale,1996,7.7
Dushman Duniya Ka,1996,8.7
Ram Jaane,1995,5.1
Barsaat,1995,5.2
Trimurti,1995,5.5
Naajayaz,1995,5.6
Coolie No. 1,1995,6.2
Karan Arjun,1995,6.7
Bandit Queen,1995,6.8
Rangeela,1995,6.9
Maidan-E-Jung,1995,7
Dilwale Dulhania Le Jayenge,1995,8.5
Ravan Raaj: A True Story,1995,10
Angrakshak,1995,10
Aag,1994,4
Kanoon,1994,4
In Custody,1994,4.3
Andaz,1994,4.8
The Cloud Door,1994,5.1
The Gentleman,1994,5.5
Laadla,1994,5.6
Raja Babu,1994,5.8
1942: A Love Story,1994,6
Yaar Gaddar,1994,6
Yeh Dillagi,1994,6.1
Hum Aapke Hain Koun..!,1994,6.4
Kabhi Haan Kabhi Naa,1994,6.4
Mohra,1994,6.4
Main Khiladi Tu Anari,1994,6.5
Imtihaan,1994,6.7
Andaz Apna Apna,1994,6.8
Anjaam,1994,7
Dilwale,1994,7
Cheetah,1994,7
Krantiveer,1994,8.4
Sainik,1993,4.8
Aashik Aawara,1993,5.1
Dil Tera Aashiq,1993,5.2
Maya Memsaab,1993,5.4
Tirangaa,1993,5.4
Roop Ki Rani Choron Ka Raja,1993,5.5
Aankhen,1993,5.6
King Uncle,1993,5.9
Darr,1993,6.8
Baazigar,1993,6.9
Gurudev,1993,7
Gumrah,1993,7.4
Aaina,1993,8
Aadmi Khilona Hai,1993,10
Jigar,1992,4.2
Junoon,1992,5.3
Dil Hi To Hai,1992,5.7
Khuda Gawah,1992,5.9
Beta,1992,5.9
Yalgaar,1992,6
Khiladi,1992,6
Zindagi Ek Juaa,1992,6
Vishwatma,1992,6.2
Chamatkar,1992,6.4
Deewana,1992,6.9
Shola Aur Shabnam,1992,7
Jo Jeeta Wohi Sikandar,1992,7.1
Damini,1992,7.4
Ramayana: The Legend of Prince Rama,1992,8.4
Yodha,1991,3
Akayla,1991,5
Pratigyabadh,1991,6
Love,1991,6.3
Saajan,1991,6.4
Saudagar,1991,6.5
Phool Aur Kaante,1991,6.6
Shikari,1991,6.7
Dil Hai Ke Manta Nahin,1991,7.2
Banjaran,1991,7.5
Maha-Sangram,1990,4
Aashiqui,1990,4.8
Agneepath,1990,6.4
Kishen Kanhaiya,1990,6.4
Shiva,1990,6.5
Baaghi: A Rebel for Love,1990,6.8
Ghayal,1990,7.2
Pyar Ka Devta,1990,10
Gentleman,1989,1
Clerk,1989,1
Purani Haveli,1989,4.8
Majboor,1989,5.1
Joshilaay,1989,5.5
Toofan,1989,5.6
Maine Pyar Kiya,1989,6.1
Tridev,1989,6.1
Nigahen: Nagina Part II,1989,6.4
Chandni,1989,6.5
Parinda,1989,7.2
Veerana,1988,5.2
Vijay,1988,5.3
The Deceivers,1988,5.7
Shahenshah,1988,6
Qayamat Se Qayamat Tak,1988,6.8
Salaam Bombay!,1988,7.3
Dayavan,1988,7.5
Khoon Bhari Maang,1988,7.6
Sagar Sangam,1988,9.5
Agnee,1988,10
Superman,1987,4.3
Dance Dance,1987,6.4
Mr. India,1987,6.7
Watan Ke Rakhwale,1987,7
Mirch Masala,1987,8.1
Jeeva,1986,4
Jaal,1986,5.2
Genesis,1986,5.7
Aakhree Raasta,1986,6.5
Nagina,1986,7.1
Karma,1986,7.4
Samundar,1986,8
Babu,1985,6.5
Geraftaar,1985,6.6
Ram Teri Ganga Maili,1985,7
Meri Jung,1985,7.5
Laila,1984,3.7
Utsav,1984,4.8
Sohni Mahiwal,1984,5.8
The Crossing,1984,6.2
Sunny,1984,6.3
Sharaabi,1984,6.5
Duniya,1984,7.3
Mashaal,1984,8.3
Coolie,1983,6.4
Mahaan,1983,6.5
Masoom,1983,6.6
Jaane Bhi Do Yaaro,1983,6.9
Hero,1983,6.9
Betaab,1983,6.9
Mandi,1983,8.7
Dil... Akhir Dil Hai,1982,5.5
Disco Dancer,1982,5.5
Star,1982,5.8
Sawaal,1982,5.9
Namak Halaal,1982,6.5
Prem Rog,1982,7.3
Khoon Aur Paani,1981,4
Kranti,1981,6
Silsila,1981,6.1
Kaalia,1981,6.2
Laawaris,1981,6.5
Naseeb,1981,7
Rocky,1981,7.3
Barsaat Ki Ek Raat,1981,7.5
Dostana,1980,5.9
Khubsoorat,1980,6.3
The Burning Train,1980,6.4
Shaan,1980,6.8
Suhaag,1979,5.8
Jaani Dushman,1979,6
Noorie,1979,6.5
Alibaba Aur 40 Chor,1979,6.7
Gol Maal,1979,7.3
Kaala Patthar,1979,7.3
Muqaddar Ka Sikandar,1978,6.2
Trishul,1978,6.3
Don,1978,6.4
Khatta Meetha,1978,6.6
Satyam Shivam Sundaram,1978,7
Trishna,1978,9
Bhumika,1977,6.2
Amar Akbar Anthony,1977,6.8
Parvarish,1977,6.8
The Chess Players,1977,7.2
Anand Ashram,1977,7.4
Dharam Veer,1977,7.6
Kabhi Kabhie,1976,6.2
Chhoti Si Baat,1976,7.3
Julie,1975,3
Chori Mera Kaam,1975,5.2
Sholay,1975,7
Chupke Chupke,1975,7.1
Mili,1975,7.5
Rajnigandha,1974,5.5
Ankur,1974,6.2
5 Rifles,1974,7
Loafer,1973,4.2
Bobby,1973,6.1
Duvidha,1973,7.1
Raja Jani,1972,6.5
Amar Prem,1972,7.5
Hulchul,1971,4.8
Kati Patang,1971,6
Mera Gaon Mera Desh,1971,6
Haathi Mere Saathi,1971,6.8
Anand,1971,7
Sachaa Jhutha,1970,6.7
Mera Naam Joker,1970,7.5
Aradhana,1969,7
Padosan,1968,6.9
Jhuk Gaya Aasman,1968,6.9
Upkar,1967,5.2
Gumnaam,1965,6.2
Waqt,1965,6.6
Sangam,1964,7.5
Mughal-e-Azam,1960,7.1
Kaagaz Ke Phool,1959,6.8
Chalti Ka Naam Gaadi,1958,5.5
Mother India,1957,7.2
Pyaasa,1957,7.2
Mr. & Mrs. '55,1955,5.4
Boot Polish,1954,6.8
Anhonee,1952,6.3
Awaara,1951,7.2